<?xml version = '1.0' encoding = 'UTF-8'?>
<FKIndexAssociation class="oracle.dbtools.crest.model.design.relational.FKIndexAssociation" directorySegmentName="seg_0" id="FD5CF394-D9F4-A3AE-B8ED-053D780FFACF" containerWithKeyObject="EA151643-EC3E-49FF-829B-9D9B6E58C07E" localFKIndex="6B6B739D-280A-2E7C-A163-5F87972F037B" name="Empregado_Depto_FK">
<createdBy>luisc</createdBy>
<createdTime>2021-03-19 18:41:56 UTC</createdTime>
<generatorID>639D13D2-F3B5-FF93-99EA-873134F2E4E2</generatorID>
<ownerDesignName>EXEMPLO01</ownerDesignName>
<referredTableLongName>Depto</referredTableLongName>
<deleteRule>NO ACTION</deleteRule>
<referredTableID>ABECE919-1162-DC16-D39D-602E2797971B</referredTableID>
<keyObject>4614B847-16E8-3435-0269-6333A2F4F880</keyObject>
<referredKeyID>4614B847-16E8-3435-0269-6333A2F4F880</referredKeyID>
<mandatory>true</mandatory>
<refColNames>NRDEPTO</refColNames>
<transferable>true</transferable>
<rely>false</rely>
<columnDependencyConstraintGenerateInDDL>true</columnDependencyConstraintGenerateInDDL>
</FKIndexAssociation>