<?xml version = '1.0' encoding = 'UTF-8'?>
<Diagram class="oracle.dbtools.crest.swingui.logical.DPVLogical" name="Logical" id="1517DEBC-839E-0B12-CFBF-64D13F29F1D9">
<createdBy>luisc</createdBy>
<modifiedBy>luisc</modifiedBy>
<createdTime>2021-03-19 18:33:27 UTC</createdTime>
<autoRoute>false</autoRoute>
<boxInbox>true</boxInbox>
<showLegend>false</showLegend>
<showLabels>false</showLabels>
<showRelAttributes>false</showRelAttributes>
<gridEnabled>false</gridEnabled>
<showGrid>false</showGrid>
<diagramColor>-1</diagramColor>
<display>false</display>
<notation>1</notation>
<objectViews>
<OView class="oracle.dbtools.crest.swingui.logical.TVEntity" oid="6AB8C6FA-98CF-80BD-09F1-8F219F253F65" otype="Entity" vid="F81DDEAF-82F3-E7DC-3E32-70DFEF51A85D">
<hideElementsInCurrentOnly>false</hideElementsInCurrentOnly>
<bounds x="244" y="380" width="170" height="110"/>
</OView>
<OView class="oracle.dbtools.crest.swingui.logical.TVEntity" oid="BA777895-FED8-F3C9-817E-075EE52C9548" otype="Entity" vid="135B27F2-8867-5D2D-1FC6-1759AFF38307">
<hideElementsInCurrentOnly>false</hideElementsInCurrentOnly>
<bounds x="235" y="109" width="170" height="110"/>
</OView>
</objectViews>
<connectors>
<Connector class="oracle.dbtools.crest.swingui.logical.TVRelation" oid="639D13D2-F3B5-FF93-99EA-873134F2E4E2" otype="Relation" vid_source="135B27F2-8867-5D2D-1FC6-1759AFF38307" vid_target="F81DDEAF-82F3-E7DC-3E32-70DFEF51A85D">
<hideElementsInCurrentOnly>false</hideElementsInCurrentOnly>
<backgroundColor>-16777216</backgroundColor>
<lineWidth>1</lineWidth>
<points>
<point x="324" y="219"/>
<point x="324" y="380"/>
</points>
</Connector>
</connectors>
</Diagram>