<?xml version = '1.0' encoding = 'UTF-8'?>
<Table class="oracle.dbtools.crest.model.design.relational.Table" directorySegmentName="seg_0" id="EA151643-EC3E-49FF-829B-9D9B6E58C07E" name="Empregado">
<createdBy>luisc</createdBy>
<createdTime>2021-03-19 18:41:56 UTC</createdTime>
<generatorID>6AB8C6FA-98CF-80BD-09F1-8F219F253F65</generatorID>
<ownerDesignName>EXEMPLO01</ownerDesignName>
<allowColumnReorder>false</allowColumnReorder>
<existDependencyGenerateInDDl>true</existDependencyGenerateInDDl>
<parsed>true</parsed>
<columns itemClass="oracle.dbtools.crest.model.design.relational.Column">
<Column name="NREMPREGADO" id="42DA87C0-F96B-BAB2-B7E1-96922093D6BC">
<createdBy>luisc</createdBy>
<createdTime>2021-03-19 18:41:56 UTC</createdTime>
<generatorID>485AE92E-5A2E-DA58-7569-BF7BF5972F5A</generatorID>
<ownerDesignName>EXEMPLO01</ownerDesignName>
<useDomainConstraints>false</useDomainConstraints>
<use>1</use>
<logicalDatatype>LOGDT011</logicalDatatype>
<ownDataTypeParameters>,,</ownDataTypeParameters>
<autoIncrementCycle>false</autoIncrementCycle>
</Column>
<Column name="NMEMPREGADO" id="294FB9CA-4AA1-7B33-0129-251418A0B0D5">
<createdBy>luisc</createdBy>
<createdTime>2021-03-19 18:41:56 UTC</createdTime>
<generatorID>1C534C9D-BB7B-9CAC-59D3-7888F71FAE17</generatorID>
<ownerDesignName>EXEMPLO01</ownerDesignName>
<nullsAllowed>true</nullsAllowed>
<useDomainConstraints>false</useDomainConstraints>
<use>1</use>
<logicalDatatype>LOGDT025</logicalDatatype>
<dataTypeSize>20 BYTE</dataTypeSize>
<ownDataTypeParameters>20 BYTE,,</ownDataTypeParameters>
<autoIncrementCycle>false</autoIncrementCycle>
</Column>
<Column name="NRGERENTE" id="004EFAED-5D0F-6DD2-BF63-641469329E4B">
<createdBy>luisc</createdBy>
<createdTime>2021-03-19 18:41:56 UTC</createdTime>
<generatorID>54A3E35B-52F6-3908-9ABD-9AA4E9557C9F</generatorID>
<ownerDesignName>EXEMPLO01</ownerDesignName>
<nullsAllowed>true</nullsAllowed>
<useDomainConstraints>false</useDomainConstraints>
<use>1</use>
<logicalDatatype>LOGDT021</logicalDatatype>
<dataTypePrecision>10</dataTypePrecision>
<ownDataTypeParameters>,10,</ownDataTypeParameters>
<autoIncrementCycle>false</autoIncrementCycle>
</Column>
<Column name="DSCARGO" id="04EA2867-40BA-C3B1-98F1-6CB9BD8E37A5">
<createdBy>luisc</createdBy>
<createdTime>2021-03-19 18:41:56 UTC</createdTime>
<generatorID>78357C68-B19B-F73A-C81D-BF1D27875EA9</generatorID>
<ownerDesignName>EXEMPLO01</ownerDesignName>
<nullsAllowed>true</nullsAllowed>
<useDomainConstraints>false</useDomainConstraints>
<use>1</use>
<logicalDatatype>LOGDT024</logicalDatatype>
<dataTypeSize>20 BYTE</dataTypeSize>
<ownDataTypeParameters>20 BYTE,,</ownDataTypeParameters>
<autoIncrementCycle>false</autoIncrementCycle>
</Column>
<Column name="NRDEPTO" id="1D84677A-04BE-2D24-73CC-EC5BB4F99596">
<createdBy>luisc</createdBy>
<createdTime>2021-03-19 18:41:56 UTC</createdTime>
<generatorID>446E8A05-BDCD-2D27-7410-190BA47BF57E</generatorID>
<ownerDesignName>EXEMPLO01</ownerDesignName>
<useDomainConstraints>false</useDomainConstraints>
<use>1</use>
<logicalDatatype>LOGDT011</logicalDatatype>
<ownDataTypeParameters>,,</ownDataTypeParameters>
<autoIncrementCycle>false</autoIncrementCycle>
</Column>
<Column name="DTADMISSAO" id="9C930B39-5527-377C-111F-538BF9DCA3F5">
<createdBy>luisc</createdBy>
<createdTime>2021-03-19 18:41:56 UTC</createdTime>
<generatorID>04D837EE-88D0-C877-41A2-67C9366ACD3D</generatorID>
<ownerDesignName>EXEMPLO01</ownerDesignName>
<useDomainConstraints>false</useDomainConstraints>
<use>1</use>
<logicalDatatype>LOGDT007</logicalDatatype>
<ownDataTypeParameters>,,</ownDataTypeParameters>
<autoIncrementCycle>false</autoIncrementCycle>
</Column>
<Column name="VLSALARIO" id="246316DB-D6AE-1447-7188-51BCBA7511E7">
<createdBy>luisc</createdBy>
<createdTime>2021-03-19 18:41:56 UTC</createdTime>
<generatorID>10C2F4AA-D1AF-28A0-DDBD-ADAD06753AE2</generatorID>
<ownerDesignName>EXEMPLO01</ownerDesignName>
<nullsAllowed>true</nullsAllowed>
<useDomainConstraints>false</useDomainConstraints>
<use>1</use>
<logicalDatatype>LOGDT021</logicalDatatype>
<dataTypePrecision>10</dataTypePrecision>
<dataTypeScale>10</dataTypeScale>
<ownDataTypeParameters>,10,10</ownDataTypeParameters>
<autoIncrementCycle>false</autoIncrementCycle>
</Column>
<Column name="VLCOMISSAO" id="A7FF0920-0129-D628-0AAB-58F12FC6FBA0">
<createdBy>luisc</createdBy>
<createdTime>2021-03-19 18:41:56 UTC</createdTime>
<generatorID>E3B375FA-C0FB-B075-7E8C-0A5FE3942C5C</generatorID>
<ownerDesignName>EXEMPLO01</ownerDesignName>
<nullsAllowed>true</nullsAllowed>
<useDomainConstraints>false</useDomainConstraints>
<use>1</use>
<logicalDatatype>LOGDT021</logicalDatatype>
<dataTypePrecision>10</dataTypePrecision>
<ownDataTypeParameters>,10,</ownDataTypeParameters>
<autoIncrementCycle>false</autoIncrementCycle>
</Column>
<Column name="Depto_NRDEPTO" id="5436963A-F334-9833-3792-BF3DDCB559CA">
<createdBy>luisc</createdBy>
<createdTime>2021-03-19 18:41:56 UTC</createdTime>
<generatorID>85179062-EA2C-8204-3907-FEBE406FA17C</generatorID>
<ownerDesignName>EXEMPLO01</ownerDesignName>
<useDomainConstraints>false</useDomainConstraints>
<use>1</use>
<logicalDatatype>LOGDT018</logicalDatatype>
<ownDataTypeParameters>,,</ownDataTypeParameters>
<previousColumn>false</previousColumn>
<autoIncrementCycle>false</autoIncrementCycle>
<associations>
<colAssociation fkAssociation="FD5CF394-D9F4-A3AE-B8ED-053D780FFACF" referredColumn="9122FA92-92B8-12CE-1849-D1D62183264F"/>
</associations>
</Column>
</columns>
<indexes itemClass="oracle.dbtools.crest.model.design.relational.Index">
<ind_PK_UK id="EFABC3F3-DAE5-17EE-BAC8-28D612CC8C12" name="Empregado_PK">
<createdBy>luisc</createdBy>
<createdTime>2021-03-19 18:41:56 UTC</createdTime>
<generatorID>8EDEA3A8-3580-DEF8-C435-7B3E8DEB6837</generatorID>
<ownerDesignName>EXEMPLO01</ownerDesignName>
<pk>true</pk>
<indexState>Primary Constraint</indexState>
<isSurrogateKey>false</isSurrogateKey>
<indexColumnUsage>
<colUsage columnID="42DA87C0-F96B-BAB2-B7E1-96922093D6BC"/>
</indexColumnUsage>
</ind_PK_UK>
<ind_PK_UK id="6B6B739D-280A-2E7C-A163-5F87972F037B" name="Empregado_Depto_FK">
<createdBy>luisc</createdBy>
<createdTime>2021-03-19 18:41:56 UTC</createdTime>
<generatorID>639D13D2-F3B5-FF93-99EA-873134F2E4E2</generatorID>
<ownerDesignName>EXEMPLO01</ownerDesignName>
<indexState>Foreign Key</indexState>
<isSurrogateKey>false</isSurrogateKey>
<indexColumnUsage>
<colUsage columnID="5436963A-F334-9833-3792-BF3DDCB559CA"/>
</indexColumnUsage>
</ind_PK_UK>
</indexes>
</Table>