<?xml version = '1.0' encoding = 'UTF-8'?>
<Relation class="oracle.dbtools.crest.model.design.logical.Relation" name="PK_DEPTO_EMPREGADO" directorySegmentName="seg_0" id="639D13D2-F3B5-FF93-99EA-873134F2E4E2">
<createdBy>luisc</createdBy>
<createdTime>2021-03-19 18:40:36 UTC</createdTime>
<ownerDesignName>EXEMPLO01</ownerDesignName>
<engineerTo>
<item key="B4B151C4-6C7C-92CB-FA1E-E7A3CEFCF90A" value="true"/>
</engineerTo>
<sourcePk>9227BD20-52B7-E09D-C576-5BCA830C4D5F</sourcePk>
<targetPk>8EDEA3A8-3580-DEF8-C435-7B3E8DEB6837</targetPk>
<identifying>false</identifying>
<nameOnSource>NRDEPTO</nameOnSource>
<nameOnTarget>NRDEPTO</nameOnTarget>
<optionalSource>true</optionalSource>
<optionalTarget>false</optionalTarget>
<sourceCardinality>1</sourceCardinality>
<sourceEntity>BA777895-FED8-F3C9-817E-075EE52C9548</sourceEntity>
<targetCardinalityString>*</targetCardinalityString>
<targetEntity>6AB8C6FA-98CF-80BD-09F1-8F219F253F65</targetEntity>
<transferable>true</transferable>
<deleteRule>NO ACTION</deleteRule>
</Relation>