<?xml version = '1.0' encoding = 'UTF-8'?>
<Entity class="oracle.dbtools.crest.model.design.logical.Entity" directorySegmentName="seg_0" id="6AB8C6FA-98CF-80BD-09F1-8F219F253F65" name="Empregado">
<createdBy>luisc</createdBy>
<createdTime>2021-03-19 18:35:25 UTC</createdTime>
<ownerDesignName>EXEMPLO01</ownerDesignName>
<engineerTo>
<item key="B4B151C4-6C7C-92CB-FA1E-E7A3CEFCF90A" value="true"/>
</engineerTo>
<adequatelyNormalized>NO</adequatelyNormalized>
<expectedVolumes>0</expectedVolumes>
<fwdEngineeringStrategyName>Single Table</fwdEngineeringStrategyName>
<growthPercent>0</growthPercent>
<growthType>Year</growthType>
<maxVolumes>9999999</maxVolumes>
<minVolumes>0</minVolumes>
<normalForm>Third</normalForm>
<attributes itemClass="oracle.dbtools.crest.model.design.logical.Attribute">
<Attribute name="NREMPREGADO" id="485AE92E-5A2E-DA58-7569-BF7BF5972F5A">
<createdBy>luisc</createdBy>
<createdTime>2021-03-19 18:35:40 UTC</createdTime>
<ownerDesignName>EXEMPLO01</ownerDesignName>
<engineerTo>
<item key="B4B151C4-6C7C-92CB-FA1E-E7A3CEFCF90A" value="true"/>
</engineerTo>
<useDomainConstraints>false</useDomainConstraints>
<use>1</use>
<logicalDatatype>LOGDT011</logicalDatatype>
<ownDataTypeParameters>,,</ownDataTypeParameters>
</Attribute>
<Attribute name="NMEMPREGADO" id="1C534C9D-BB7B-9CAC-59D3-7888F71FAE17">
<createdBy>luisc</createdBy>
<createdTime>2021-03-19 18:35:40 UTC</createdTime>
<ownerDesignName>EXEMPLO01</ownerDesignName>
<engineerTo>
<item key="B4B151C4-6C7C-92CB-FA1E-E7A3CEFCF90A" value="true"/>
</engineerTo>
<nullsAllowed>true</nullsAllowed>
<useDomainConstraints>false</useDomainConstraints>
<use>1</use>
<logicalDatatype>LOGDT025</logicalDatatype>
<dataTypeSize>20 BYTE</dataTypeSize>
<ownDataTypeParameters>20 BYTE,,</ownDataTypeParameters>
</Attribute>
<Attribute name="NRGERENTE" id="54A3E35B-52F6-3908-9ABD-9AA4E9557C9F">
<createdBy>luisc</createdBy>
<createdTime>2021-03-19 18:35:40 UTC</createdTime>
<ownerDesignName>EXEMPLO01</ownerDesignName>
<engineerTo>
<item key="B4B151C4-6C7C-92CB-FA1E-E7A3CEFCF90A" value="true"/>
</engineerTo>
<nullsAllowed>true</nullsAllowed>
<useDomainConstraints>false</useDomainConstraints>
<use>1</use>
<logicalDatatype>LOGDT021</logicalDatatype>
<dataTypePrecision>10</dataTypePrecision>
<ownDataTypeParameters>,10,</ownDataTypeParameters>
</Attribute>
<Attribute name="DSCARGO" id="78357C68-B19B-F73A-C81D-BF1D27875EA9">
<createdBy>luisc</createdBy>
<createdTime>2021-03-19 18:35:40 UTC</createdTime>
<ownerDesignName>EXEMPLO01</ownerDesignName>
<engineerTo>
<item key="B4B151C4-6C7C-92CB-FA1E-E7A3CEFCF90A" value="true"/>
</engineerTo>
<nullsAllowed>true</nullsAllowed>
<useDomainConstraints>false</useDomainConstraints>
<use>1</use>
<logicalDatatype>LOGDT024</logicalDatatype>
<dataTypeSize>20 BYTE</dataTypeSize>
<ownDataTypeParameters>20 BYTE,,</ownDataTypeParameters>
</Attribute>
<Attribute name="NRDEPTO" id="446E8A05-BDCD-2D27-7410-190BA47BF57E">
<createdBy>luisc</createdBy>
<createdTime>2021-03-19 18:35:41 UTC</createdTime>
<ownerDesignName>EXEMPLO01</ownerDesignName>
<engineerTo>
<item key="B4B151C4-6C7C-92CB-FA1E-E7A3CEFCF90A" value="true"/>
</engineerTo>
<useDomainConstraints>false</useDomainConstraints>
<use>1</use>
<logicalDatatype>LOGDT011</logicalDatatype>
<ownDataTypeParameters>,,</ownDataTypeParameters>
</Attribute>
<Attribute name="DTADMISSAO" id="04D837EE-88D0-C877-41A2-67C9366ACD3D">
<createdBy>luisc</createdBy>
<createdTime>2021-03-19 18:35:41 UTC</createdTime>
<ownerDesignName>EXEMPLO01</ownerDesignName>
<engineerTo>
<item key="B4B151C4-6C7C-92CB-FA1E-E7A3CEFCF90A" value="true"/>
</engineerTo>
<useDomainConstraints>false</useDomainConstraints>
<use>1</use>
<logicalDatatype>LOGDT007</logicalDatatype>
<ownDataTypeParameters>,,</ownDataTypeParameters>
</Attribute>
<Attribute name="VLSALARIO" id="10C2F4AA-D1AF-28A0-DDBD-ADAD06753AE2">
<createdBy>luisc</createdBy>
<createdTime>2021-03-19 18:35:41 UTC</createdTime>
<ownerDesignName>EXEMPLO01</ownerDesignName>
<engineerTo>
<item key="B4B151C4-6C7C-92CB-FA1E-E7A3CEFCF90A" value="true"/>
</engineerTo>
<nullsAllowed>true</nullsAllowed>
<useDomainConstraints>false</useDomainConstraints>
<use>1</use>
<logicalDatatype>LOGDT021</logicalDatatype>
<dataTypePrecision>10</dataTypePrecision>
<dataTypeScale>10</dataTypeScale>
<ownDataTypeParameters>,10,10</ownDataTypeParameters>
</Attribute>
<Attribute name="VLCOMISSAO" id="E3B375FA-C0FB-B075-7E8C-0A5FE3942C5C">
<createdBy>luisc</createdBy>
<createdTime>2021-03-19 18:35:41 UTC</createdTime>
<ownerDesignName>EXEMPLO01</ownerDesignName>
<engineerTo>
<item key="B4B151C4-6C7C-92CB-FA1E-E7A3CEFCF90A" value="true"/>
</engineerTo>
<nullsAllowed>true</nullsAllowed>
<useDomainConstraints>false</useDomainConstraints>
<use>1</use>
<logicalDatatype>LOGDT021</logicalDatatype>
<dataTypePrecision>10</dataTypePrecision>
<ownDataTypeParameters>,10,</ownDataTypeParameters>
</Attribute>
<Attribute name="NRDEPTO1" id="85179062-EA2C-8204-3907-FEBE406FA17C">
<createdBy>luisc</createdBy>
<createdTime>2021-03-19 18:40:36 UTC</createdTime>
<generatorID>639D13D2-F3B5-FF93-99EA-873134F2E4E2</generatorID>
<ownerDesignName>EXEMPLO01</ownerDesignName>
<engineerTo>
<item key="B4B151C4-6C7C-92CB-FA1E-E7A3CEFCF90A" value="true"/>
</engineerTo>
<referedAttribute>61430A34-D2E5-C1D8-1837-49227F325DCA</referedAttribute>
<useDomainConstraints>false</useDomainConstraints>
<use>1</use>
<logicalDatatype>LOGDT018</logicalDatatype>
<ownDataTypeParameters>,,</ownDataTypeParameters>
</Attribute>
</attributes>
<identifiers itemClass="oracle.dbtools.crest.model.design.logical.CandidateKey">
<identifier id="8EDEA3A8-3580-DEF8-C435-7B3E8DEB6837" name="Empregado PK">
<createdBy>luisc</createdBy>
<createdTime>2021-03-19 18:36:08 UTC</createdTime>
<ownerDesignName>EXEMPLO01</ownerDesignName>
<engineerTo>
<item key="B4B151C4-6C7C-92CB-FA1E-E7A3CEFCF90A" value="true"/>
</engineerTo>
<pk>true</pk>
<usedAttributes>
<attributeRef>485AE92E-5A2E-DA58-7569-BF7BF5972F5A</attributeRef>
</usedAttributes>
</identifier>
</identifiers>
</Entity>