<?xml version = '1.0' encoding = 'UTF-8'?>
<Entity class="oracle.dbtools.crest.model.design.logical.Entity" directorySegmentName="seg_0" id="BA777895-FED8-F3C9-817E-075EE52C9548" name="Depto">
<createdBy>luisc</createdBy>
<createdTime>2021-03-19 18:33:27 UTC</createdTime>
<ownerDesignName>EXEMPLO01</ownerDesignName>
<engineerTo>
<item key="B4B151C4-6C7C-92CB-FA1E-E7A3CEFCF90A" value="true"/>
</engineerTo>
<adequatelyNormalized>NO</adequatelyNormalized>
<expectedVolumes>0</expectedVolumes>
<fwdEngineeringStrategyName>Single Table</fwdEngineeringStrategyName>
<growthPercent>0</growthPercent>
<growthType>Year</growthType>
<maxVolumes>9999999</maxVolumes>
<minVolumes>0</minVolumes>
<normalForm>Third</normalForm>
<attributes itemClass="oracle.dbtools.crest.model.design.logical.Attribute">
<Attribute name="NRDEPTO" id="61430A34-D2E5-C1D8-1837-49227F325DCA">
<createdBy>luisc</createdBy>
<createdTime>2021-03-19 18:33:44 UTC</createdTime>
<ownerDesignName>EXEMPLO01</ownerDesignName>
<engineerTo>
<item key="B4B151C4-6C7C-92CB-FA1E-E7A3CEFCF90A" value="true"/>
</engineerTo>
<useDomainConstraints>false</useDomainConstraints>
<use>1</use>
<logicalDatatype>LOGDT018</logicalDatatype>
<ownDataTypeParameters>,,</ownDataTypeParameters>
</Attribute>
<Attribute name="NMDEPTO" id="29037107-AD2F-E0F3-0BF8-3E4FD1DE0C61">
<createdBy>luisc</createdBy>
<createdTime>2021-03-19 18:33:44 UTC</createdTime>
<ownerDesignName>EXEMPLO01</ownerDesignName>
<engineerTo>
<item key="B4B151C4-6C7C-92CB-FA1E-E7A3CEFCF90A" value="true"/>
</engineerTo>
<nullsAllowed>true</nullsAllowed>
<useDomainConstraints>false</useDomainConstraints>
<use>1</use>
<logicalDatatype>LOGDT025</logicalDatatype>
<dataTypeSize>20 BYTE</dataTypeSize>
<ownDataTypeParameters>20 BYTE,,</ownDataTypeParameters>
</Attribute>
<Attribute name="DSLOCAL" id="3C8776A7-2872-B98A-32EA-DBAA36EC81E0">
<createdBy>luisc</createdBy>
<createdTime>2021-03-19 18:33:44 UTC</createdTime>
<ownerDesignName>EXEMPLO01</ownerDesignName>
<engineerTo>
<item key="B4B151C4-6C7C-92CB-FA1E-E7A3CEFCF90A" value="true"/>
</engineerTo>
<nullsAllowed>true</nullsAllowed>
<useDomainConstraints>false</useDomainConstraints>
<use>1</use>
<logicalDatatype>LOGDT024</logicalDatatype>
<dataTypeSize>20 BYTE</dataTypeSize>
<ownDataTypeParameters>20 BYTE,,</ownDataTypeParameters>
</Attribute>
<Attribute name="VLORCAMENTO" id="69F5D7B6-3C78-C233-5980-42955A894A04">
<createdBy>luisc</createdBy>
<createdTime>2021-03-19 18:33:45 UTC</createdTime>
<ownerDesignName>EXEMPLO01</ownerDesignName>
<engineerTo>
<item key="B4B151C4-6C7C-92CB-FA1E-E7A3CEFCF90A" value="true"/>
</engineerTo>
<nullsAllowed>true</nullsAllowed>
<useDomainConstraints>false</useDomainConstraints>
<use>1</use>
<logicalDatatype>LOGDT021</logicalDatatype>
<dataTypePrecision>0</dataTypePrecision>
<dataTypeScale>12</dataTypeScale>
<ownDataTypeParameters>,0,12</ownDataTypeParameters>
</Attribute>
</attributes>
<identifiers itemClass="oracle.dbtools.crest.model.design.logical.CandidateKey">
<identifier id="9227BD20-52B7-E09D-C576-5BCA830C4D5F" name="Depto PK">
<createdBy>luisc</createdBy>
<createdTime>2021-03-19 18:34:00 UTC</createdTime>
<ownerDesignName>EXEMPLO01</ownerDesignName>
<engineerTo>
<item key="B4B151C4-6C7C-92CB-FA1E-E7A3CEFCF90A" value="true"/>
</engineerTo>
<pk>true</pk>
<usedAttributes>
<attributeRef>61430A34-D2E5-C1D8-1837-49227F325DCA</attributeRef>
</usedAttributes>
</identifier>
</identifiers>
</Entity>